location,season,hour,avg_demand,std_demand
"Austin, Texas, USA",1,0,20045.856547058822,1645.104492587651
"Austin, Texas, USA",1,1,21512.489078735634,9484.565234311644
"Austin, Texas, USA",1,2,19093.111581764708,1411.5449796828352
"Austin, Texas, USA",1,3,18792.213205294116,1351.622415623865
"Austin, Texas, USA",1,4,18678.670477647058,1327.519226143202
"Austin, Texas, USA",1,5,18822.87028,1329.982583758727
"Austin, Texas, USA",1,6,19264.818185882352,1428.7520219399364
"Austin, Texas, USA",1,7,20557.73816529412,1814.9118118698889
"Austin, Texas, USA",1,8,21600.748623255815,5494.924532820176
"Austin, Texas, USA",1,9,21865.223274418604,3234.8652249135835
"Austin, Texas, USA",1,10,22816.258697076024,3438.223386429806
"Austin, Texas, USA",1,11,23589.507224561403,6084.435415838895
"Austin, Texas, USA",1,12,23861.95541520468,3649.410537689262
"Austin, Texas, USA",1,13,24045.203279069767,5165.95002239776
"Austin, Texas, USA",1,14,25207.385884393065,13076.737490656538
"Austin, Texas, USA",1,15,24052.32830635838,3397.0568741821207
"Austin, Texas, USA",1,16,23870.95243930636,3232.1536351160153
"Austin, Texas, USA",1,17,23517.851404624278,3062.3260924702704
"Austin, Texas, USA",1,18,22988.906589595375,2840.1236781100056
"Austin, Texas, USA",1,19,22932.508208092484,2837.001705178374
"Austin, Texas, USA",1,20,22420.14054651163,2443.1833134848225
"Austin, Texas, USA",1,21,21891.22611627907,2276.8052723585697
"Austin, Texas, USA",1,22,21430.231701754386,2079.3848435902864
"Austin, Texas, USA",1,23,20553.177374269006,2177.492323904317
"Austin, Texas, USA",2,0,20676.070820652174,832.6207259600266
"Austin, Texas, USA",2,1,20464.3281875,2189.453293522486
"Austin, Texas, USA",2,2,19463.945626630437,1436.9458855187313
"Austin, Texas, USA",2,3,19227.63938674033,450.8682492152334
"Austin, Texas, USA",2,4,19075.423379781423,408.5891071726803
"Austin, Texas, USA",2,5,19122.906943715847,400.4695569165918
"Austin, Texas, USA",2,6,19447.189002185794,1530.717444620695
"Austin, Texas, USA",2,7,21102.85715355191,1876.732351507629
"Austin, Texas, USA",2,8,21914.534919672133,1594.1386985749111
"Austin, Texas, USA",2,9,22844.54566229508,1948.1008738417495
"Austin, Texas, USA",2,10,24046.414945652174,4178.489123034314
"Austin, Texas, USA",2,11,24385.526130434784,2807.0196585358635
"Austin, Texas, USA",2,12,24722.717857923497,2941.564651523098
"Austin, Texas, USA",2,13,25121.023530054645,3083.442904925514
"Austin, Texas, USA",2,14,25154.2052568306,2432.371536660508
"Austin, Texas, USA",2,15,25547.422239130432,6100.365184557211
"Austin, Texas, USA",2,16,25023.633402173913,2337.6936527253433
"Austin, Texas, USA",2,17,24593.456385869562,2088.4171041246823
"Austin, Texas, USA",2,18,23774.588135869566,1819.8737315074773
"Austin, Texas, USA",2,19,23252.539842391307,1643.9258163057427
"Austin, Texas, USA",2,20,22902.65977173913,1527.5493943127744
"Austin, Texas, USA",2,21,22721.025213114754,1374.2669680591337
"Austin, Texas, USA",2,22,22240.161890710384,1194.485517657916
"Austin, Texas, USA",2,23,21577.26033152174,3661.68192281545
"Austin, Texas, USA",3,0,20362.04009888889,1022.7063975988013
"Austin, Texas, USA",3,1,20872.9526125,6717.259494808236
"Austin, Texas, USA",3,2,19414.023807222224,459.64240269408793
"Austin, Texas, USA",3,3,19218.894288333333,917.4816223967256
"Austin, Texas, USA",3,4,19106.41448,432.4823008634394
"Austin, Texas, USA",3,5,19247.636694999997,445.9100215965906
"Austin, Texas, USA",3,6,19837.470035359118,605.8587768406826
"Austin, Texas, USA",3,7,21199.3051320442,972.6513803009695
"Austin, Texas, USA",3,8,21790.99036961326,1344.074922347102
"Austin, Texas, USA",3,9,22884.769725414364,1792.2400070813821
"Austin, Texas, USA",3,10,23619.288355801105,2256.8143473231726
"Austin, Texas, USA",3,11,24321.78923756906,2688.0569029994276
"Austin, Texas, USA",3,12,24611.36693888889,2216.6777206037145
"Austin, Texas, USA",3,13,24870.353486187843,3009.2602899909393
"Austin, Texas, USA",3,14,24954.091657458564,3810.0193172311333
"Austin, Texas, USA",3,15,24703.554638888887,2082.5920092311712
"Austin, Texas, USA",3,16,24523.83643888889,1954.4103977205166
"Austin, Texas, USA",3,17,24090.999344444444,1741.3821085553143
"Austin, Texas, USA",3,18,23262.83257777778,1430.1100808906372
"Austin, Texas, USA",3,19,22643.802911111114,1200.913038498388
"Austin, Texas, USA",3,20,22225.18611111111,1062.0147468566918
"Austin, Texas, USA",3,21,22121.28286666667,1019.7533702026371
"Austin, Texas, USA",3,22,21774.814155555556,850.8145802123962
"Austin, Texas, USA",3,23,20891.919855555556,719.0669509352488
"Austin, Texas, USA",4,0,21118.360517045454,872.7902326266484
"Austin, Texas, USA",4,1,22894.89364725275,11756.50259113459
"Austin, Texas, USA",4,2,19859.55076534091,665.95455496196
"Austin, Texas, USA",4,3,19449.436089204544,775.011490727287
"Austin, Texas, USA",4,4,19323.77134742857,604.3907646664095
"Austin, Texas, USA",4,5,19526.682271590907,984.280720650143
"Austin, Texas, USA",4,6,19958.365434857144,661.3034583836132
"Austin, Texas, USA",4,7,22265.4767,10795.289378378016
"Austin, Texas, USA",4,8,22456.3452625,1583.0297155904993
"Austin, Texas, USA",4,9,23385.141568181818,2378.5396124203417
"Austin, Texas, USA",4,10,25014.40042272727,6252.778584426884
"Austin, Texas, USA",4,11,25512.386050847457,4145.904204495318
"Austin, Texas, USA",4,12,26203.436842696632,8124.670611184504
"Austin, Texas, USA",4,13,26007.746398876407,2825.909114692011
"Austin, Texas, USA",4,14,26106.537235955053,2543.46883804805
"Austin, Texas, USA",4,15,27353.51040449438,16772.693779348854
"Austin, Texas, USA",4,16,25964.75324157303,2422.0203964815923
"Austin, Texas, USA",4,17,25414.325268156426,2876.2579586457414
"Austin, Texas, USA",4,18,24843.19165730337,1837.2292976727115
"Austin, Texas, USA",4,19,24355.61133707865,1614.6286009655396
"Austin, Texas, USA",4,20,24032.380853932587,1489.0039716700505
"Austin, Texas, USA",4,21,23541.64585955056,1502.4476987083387
"Austin, Texas, USA",4,22,22797.223276836157,1601.192394879026
"Austin, Texas, USA",4,23,21861.077937500002,953.7018594355036
"Cardiff, UK",1,0,1916.462597126437,702.8665058659996
"Cardiff, UK",1,1,1884.584653448276,704.7664699378172
"Cardiff, UK",1,2,1838.1673971264368,674.3092300474742
"Cardiff, UK",1,3,1871.586374137931,694.3048493378609
"Cardiff, UK",1,4,1887.434638505747,702.0520893480158
"Cardiff, UK",1,5,1913.5816557471264,713.3075925532448
"Cardiff, UK",1,6,2059.2854201149426,780.4298375148198
"Cardiff, UK",1,7,2699.333954597701,1189.3467960307464
"Cardiff, UK",1,8,3377.396012068966,1704.2864111384574
"Cardiff, UK",1,9,4117.982414367816,2352.273449460126
"Cardiff, UK",1,10,4439.138805172413,2552.1245670491367
"Cardiff, UK",1,11,4697.17305229885,2704.6952459788477
"Cardiff, UK",1,12,4798.048474712644,2683.1977484351323
"Cardiff, UK",1,13,4744.440805747126,2591.105592056354
"Cardiff, UK",1,14,4470.685891954023,2355.3974420987743
"Cardiff, UK",1,15,4392.388829310345,2235.8039286106846
"Cardiff, UK",1,16,4038.2938747126436,2053.6178685116424
"Cardiff, UK",1,17,3690.0835867816095,1822.9905488162822
"Cardiff, UK",1,18,3298.2260293103445,1590.796758030389
"Cardiff, UK",1,19,2957.9935120689656,1334.6626327472418
"Cardiff, UK",1,20,2728.2721218390802,1189.2064975601324
"Cardiff, UK",1,21,2406.5033683908046,978.1648459495802
"Cardiff, UK",1,22,2151.9311327586206,819.1538599436045
"Cardiff, UK",1,23,1994.7084062857143,741.6066055800646
"Cardiff, UK",2,0,1391.9709586956521,887.6957796012756
"Cardiff, UK",2,1,1308.7645152173914,861.8747735759232
"Cardiff, UK",2,2,1341.188121195652,869.7192048552353
"Cardiff, UK",2,3,1362.5172532608697,888.4876896266233
"Cardiff, UK",2,4,1373.059229347826,896.2251044813257
"Cardiff, UK",2,5,1396.0660804347826,914.3754402643757
"Cardiff, UK",2,6,1628.7744739130433,1089.639919354676
"Cardiff, UK",2,7,2091.6179054347826,1506.5215989969481
"Cardiff, UK",2,8,2535.9736885869565,1941.5922007835384
"Cardiff, UK",2,9,2952.775879347826,2381.080161000722
"Cardiff, UK",2,10,3248.984252173913,2613.625235841
"Cardiff, UK",2,11,3421.9161603260873,2720.445767883238
"Cardiff, UK",2,12,3416.3911880434785,2693.4710494831074
"Cardiff, UK",2,13,3297.1461315217393,2575.601594072113
"Cardiff, UK",2,14,3205.6033092391303,2424.232241481386
"Cardiff, UK",2,15,3012.8138114130434,2277.3878336653893
"Cardiff, UK",2,16,2716.0644858695655,2063.7840303043977
"Cardiff, UK",2,17,2350.3592820652175,1772.458157091368
"Cardiff, UK",2,18,2113.5196201086956,1553.218205901627
"Cardiff, UK",2,19,1919.1402179347826,1388.7898362297356
"Cardiff, UK",2,20,1766.5185809782608,1264.5660264785488
"Cardiff, UK",2,21,1617.7857489130436,1109.2702401154056
"Cardiff, UK",2,22,1500.450014673913,993.5094300469722
"Cardiff, UK",2,23,1400.8802744565216,916.1358962406181
"Cardiff, UK",3,0,1195.516256521739,767.5988621721734
"Cardiff, UK",3,1,1149.5022054347826,732.1132816156227
"Cardiff, UK",3,2,1150.994973369565,732.1188105577199
"Cardiff, UK",3,3,1146.7113923913043,729.9366516855243
"Cardiff, UK",3,4,1157.0707711956522,735.7953677710137
"Cardiff, UK",3,5,1188.9184304347825,759.320273523982
"Cardiff, UK",3,6,1390.9576641304348,927.3913331510707
"Cardiff, UK",3,7,1672.2795663043478,1174.0243763556944
"Cardiff, UK",3,8,1942.9951206521741,1427.6723660050047
"Cardiff, UK",3,9,2203.86831576087,1652.2483880934458
"Cardiff, UK",3,10,2513.4891684782606,1874.3315298059592
"Cardiff, UK",3,11,2675.660222826087,1988.0551667358259
"Cardiff, UK",3,12,2607.261206521739,1905.4522013024596
"Cardiff, UK",3,13,2540.92164673913,1828.0102149183222
"Cardiff, UK",3,14,2533.560141847826,1806.7140072766433
"Cardiff, UK",3,15,2403.9698217391306,1683.1010465162733
"Cardiff, UK",3,16,2160.664897826087,1502.7779309084676
"Cardiff, UK",3,17,1853.4343217391304,1276.455010614659
"Cardiff, UK",3,18,1749.3555989130434,1234.8835077812778
"Cardiff, UK",3,19,1600.1075119565219,1122.5139503637374
"Cardiff, UK",3,20,1428.2810880434781,961.2405735882909
"Cardiff, UK",3,21,1340.0228173913042,883.5979904225002
"Cardiff, UK",3,22,1282.9310195652174,826.6081058265927
"Cardiff, UK",3,23,1208.1913673913043,775.5774516949087
"Cardiff, UK",4,0,1611.6598373626373,355.37622849235555
"Cardiff, UK",4,1,1563.1408972527472,339.6476980718786
"Cardiff, UK",4,2,1545.3832434065935,338.8194094937702
"Cardiff, UK",4,3,1538.4933686813188,334.88697473082675
"Cardiff, UK",4,4,1560.9727368131869,336.2603160069162
"Cardiff, UK",4,5,1658.8493379120878,359.0676469351257
"Cardiff, UK",4,6,2018.3592813186813,513.1305143379641
"Cardiff, UK",4,7,2628.229052747253,850.7213116696907
"Cardiff, UK",4,8,3256.506869230769,1245.2771592271247
"Cardiff, UK",4,9,3821.4930032967036,1638.01234004418
"Cardiff, UK",4,10,4183.299932417583,1783.3826474439418
"Cardiff, UK",4,11,4402.48043956044,1803.0917696797044
"Cardiff, UK",4,12,4394.954193956044,1750.0755000014108
"Cardiff, UK",4,13,4216.887565384615,1632.9667642791962
"Cardiff, UK",4,14,4115.121364835165,1501.6618977746537
"Cardiff, UK",4,15,3926.6893593406594,1373.3986308916858
"Cardiff, UK",4,16,3549.347908791209,1277.1819362576593
"Cardiff, UK",4,17,3179.380918681319,1201.844952173724
"Cardiff, UK",4,18,2996.4552280219777,1079.619501392429
"Cardiff, UK",4,19,2736.5080796703296,865.0420576273234
"Cardiff, UK",4,20,2426.4835615384613,732.5568102011501
"Cardiff, UK",4,21,2106.2751758241757,551.8844937175683
"Cardiff, UK",4,22,1847.99824010989,441.2137014251426
"Cardiff, UK",4,23,1679.3236131868134,385.4985237004132
"Groningen, NL",1,0,2450.390589655173,186.92599451864157
"Groningen, NL",1,1,2437.2186672413795,176.8194523686798
"Groningen, NL",1,2,2432.7328925287356,173.0532116052824
"Groningen, NL",1,3,2439.419231034483,181.12547265594617
"Groningen, NL",1,4,2476.226090229885,209.92312262184956
"Groningen, NL",1,5,2743.1160511494254,306.6348180500836
"Groningen, NL",1,6,3072.6676827586207,520.731011008546
"Groningen, NL",1,7,3607.5022833333333,764.3492248548237
"Groningen, NL",1,8,4077.348690804598,1031.3012411535865
"Groningen, NL",1,9,4373.586918965518,1256.3104240692282
"Groningen, NL",1,10,4550.274616091954,1384.092410983482
"Groningen, NL",1,11,4596.6609528735635,1409.4791725414946
"Groningen, NL",1,12,4595.330488505747,1404.4826068001926
"Groningen, NL",1,13,4555.017378160919,1410.0263140210457
"Groningen, NL",1,14,4523.377892528735,1395.1161847806163
"Groningen, NL",1,15,4454.269206321839,1350.641182773021
"Groningen, NL",1,16,4293.005250574713,1251.0419488332138
"Groningen, NL",1,17,3988.4549689655173,1062.0716254379759
"Groningen, NL",1,18,3561.982970689655,819.534096690436
"Groningen, NL",1,19,3355.699837356322,697.7365605621017
"Groningen, NL",1,20,3199.812418390805,599.1438159531958
"Groningen, NL",1,21,2981.533424137931,486.6726252903061
"Groningen, NL",1,22,2683.304524,317.14960274133415
"Groningen, NL",1,23,2535.16468045977,234.5238482314986
"Groningen, NL",2,0,2422.5621413043477,111.84196998855283
"Groningen, NL",2,1,2409.306956521739,108.91890402847443
"Groningen, NL",2,2,2416.35841576087,107.99023808145701
"Groningen, NL",2,3,2416.5477173913046,112.50343585425468
"Groningen, NL",2,4,2574.734729347826,236.02176869612322
"Groningen, NL",2,5,2859.201494565217,375.2309157539514
"Groningen, NL",2,6,3263.857588586957,572.4495895585871
"Groningen, NL",2,7,3842.6818945652176,851.4422101613453
"Groningen, NL",2,8,4266.677413586956,1049.0619588579436
"Groningen, NL",2,9,4513.016001630434,1176.0808572281967
"Groningen, NL",2,10,4616.616670108696,1225.2289758243717
"Groningen, NL",2,11,4637.509853804348,1234.1868567196886
"Groningen, NL",2,12,4628.864316304348,1230.4659394689202
"Groningen, NL",2,13,4608.939919021739,1221.8974825986643
"Groningen, NL",2,14,4559.102210326087,1191.3033043630383
"Groningen, NL",2,15,4427.174183695653,1115.3995776821314
"Groningen, NL",2,16,4131.346876086956,959.9355983046507
"Groningen, NL",2,17,3729.6843934782605,800.0109455608643
"Groningen, NL",2,18,3433.4478619565216,662.1942991545652
"Groningen, NL",2,19,3288.625521195652,588.1903473876491
"Groningen, NL",2,20,3127.882314673913,491.1758518868215
"Groningen, NL",2,21,2852.425730978261,348.2414333248488
"Groningen, NL",2,22,2593.728260869565,215.55068374640865
"Groningen, NL",2,23,2469.514327173913,133.70022523023326
"Groningen, NL",3,0,2389.265952173913,107.1304940004308
"Groningen, NL",3,1,2378.5873847826088,101.97739785414754
"Groningen, NL",3,2,2385.6464516304345,93.00884479985987
"Groningen, NL",3,3,2377.0561972826085,97.99400394495358
"Groningen, NL",3,4,2454.8306016304346,167.99868131086876
"Groningen, NL",3,5,2748.6935326086955,305.97864798806063
"Groningen, NL",3,6,3111.839308695652,451.95036693487316
"Groningen, NL",3,7,3712.356473369565,689.1680901072065
"Groningen, NL",3,8,4100.145349456522,887.0048279317688
"Groningen, NL",3,9,4334.5258641304345,1015.145954900893
"Groningen, NL",3,10,4445.667766304348,1078.5391384563563
"Groningen, NL",3,11,4467.4902945652175,1091.32719736331
"Groningen, NL",3,12,4457.972615760869,1087.2407397994507
"Groningen, NL",3,13,4451.16611576087,1090.248070801255
"Groningen, NL",3,14,4393.342069021739,1052.9647370269558
"Groningen, NL",3,15,4247.66769076087,993.1804397921676
"Groningen, NL",3,16,3931.2846717391303,892.9818738259785
"Groningen, NL",3,17,3532.1091820652173,779.3066845919523
"Groningen, NL",3,18,3238.045460869565,598.5108320148767
"Groningen, NL",3,19,3065.276653804348,516.3588749729681
"Groningen, NL",3,20,2917.695252173913,434.0617310586801
"Groningen, NL",3,21,2708.003636956522,349.780041646881
"Groningen, NL",3,22,2493.1364342391303,207.68972544175705
"Groningen, NL",3,23,2421.655954891304,128.28139025682958
"Groningen, NL",4,0,2437.3725203296704,188.94939692225896
"Groningen, NL",4,1,2431.545237912088,133.04422061832213
"Groningen, NL",4,2,2439.1827406593407,121.75058058847614
"Groningen, NL",4,3,2437.24272032967,121.8086613507389
"Groningen, NL",4,4,2558.992920879121,243.53498197791995
"Groningen, NL",4,5,2857.382513186813,347.2381221862507
"Groningen, NL",4,6,3304.229969230769,588.4203181430444
"Groningen, NL",4,7,3883.877296153846,809.0118216576642
"Groningen, NL",4,8,4345.0787906593405,1021.5870034776702
"Groningen, NL",4,9,4669.985885635359,1181.0078221794815
"Groningen, NL",4,10,4802.278578021978,1264.8692969082956
"Groningen, NL",4,11,4836.764030769231,1279.9219488792187
"Groningen, NL",4,12,4819.55335934066,1272.781340656703
"Groningen, NL",4,13,4788.856853296703,1259.4860068130142
"Groningen, NL",4,14,4734.649993406593,1236.066489196815
"Groningen, NL",4,15,4614.395975824175,1180.7315040408032
"Groningen, NL",4,16,4328.330781868131,1079.3619772263326
"Groningen, NL",4,17,3942.2230543956043,948.4898915527514
"Groningen, NL",4,18,3566.871681868132,719.1595499368987
"Groningen, NL",4,19,3362.9533818681316,584.2385475299606
"Groningen, NL",4,20,3228.183974175824,515.1194232931468
"Groningen, NL",4,21,2935.9059423076924,414.5064999620741
"Groningen, NL",4,22,2630.312124175824,258.8067678242239
"Groningen, NL",4,23,2496.3577054945054,194.8632492860876
"Ithaca, New York, USA",1,0,13280.18037114094,783.2893035954165
"Ithaca, New York, USA",1,1,13118.70027919463,702.9815098521233
"Ithaca, New York, USA",1,2,12976.878635570469,621.5763688122549
"Ithaca, New York, USA",1,3,12981.46946510067,594.9581479012713
"Ithaca, New York, USA",1,4,13155.826959060403,662.11330468298
"Ithaca, New York, USA",1,5,13782.359448993288,779.0399302662586
"Ithaca, New York, USA",1,6,14826.243297972975,1029.3238085008384
"Ithaca, New York, USA",1,7,15566.647561904761,1185.624497416392
"Ithaca, New York, USA",1,8,16185.903658783784,1609.6372694529327
"Ithaca, New York, USA",1,9,16664.558555405405,1926.4346299568065
"Ithaca, New York, USA",1,10,16958.79656418919,2078.124853954271
"Ithaca, New York, USA",1,11,17040.57066554054,2084.5681782715033
"Ithaca, New York, USA",1,12,17080.028940540542,2113.3146553953916
"Ithaca, New York, USA",1,13,17146.463850675675,2193.9028578564617
"Ithaca, New York, USA",1,14,17168.934797297297,2165.675318277571
"Ithaca, New York, USA",1,15,17121.592289795917,2112.0108414763026
"Ithaca, New York, USA",1,16,16995.449264189192,2017.7031212827196
"Ithaca, New York, USA",1,17,16621.2455527027,1754.5696707930174
"Ithaca, New York, USA",1,18,15879.915032432433,2070.857468698794
"Ithaca, New York, USA",1,19,15550.78558581081,1488.3786069115536
"Ithaca, New York, USA",1,20,15010.865091216216,1366.1625262652437
"Ithaca, New York, USA",1,21,14445.879054054054,1215.6607059633955
"Ithaca, New York, USA",1,22,14014.31441418919,1061.2682081645169
"Ithaca, New York, USA",1,23,13574.39279391892,915.9390657232209
"Ithaca, New York, USA",2,0,13486.416452258065,485.55547042673913
"Ithaca, New York, USA",2,1,13274.71806451613,440.31467952494893
"Ithaca, New York, USA",2,2,13075.292262337662,400.7518969388181
"Ithaca, New York, USA",2,3,13007.834676774193,387.10466144234937
"Ithaca, New York, USA",2,4,13149.3721,410.2739125464171
"Ithaca, New York, USA",2,5,13607.020483870967,501.83111938846537
"Ithaca, New York, USA",2,6,14519.43849483871,729.456332354797
"Ithaca, New York, USA",2,7,15410.634298709678,844.7501853477604
"Ithaca, New York, USA",2,8,16400.74897142857,1220.776712031658
"Ithaca, New York, USA",2,9,16948.182254545452,1490.677837114255
"Ithaca, New York, USA",2,10,17252.256933548386,1593.3887259298997
"Ithaca, New York, USA",2,11,17387.707581935483,1561.1402039740074
"Ithaca, New York, USA",2,12,17439.62790451613,1500.5911666764373
"Ithaca, New York, USA",2,13,17587.145376774195,1517.2441846323584
"Ithaca, New York, USA",2,14,17632.107528387096,1532.7624177763882
"Ithaca, New York, USA",2,15,17549.820213548388,1477.6100786481356
"Ithaca, New York, USA",2,16,17359.72999935484,1409.4242263705605
"Ithaca, New York, USA",2,17,16816.995001290325,1171.1022487340638
"Ithaca, New York, USA",2,18,16386.171772903224,1020.1023845459827
"Ithaca, New York, USA",2,19,15926.143710967743,943.6569060199561
"Ithaca, New York, USA",2,20,15667.377312903227,859.7623315769121
"Ithaca, New York, USA",2,21,15170.418548387097,745.3288183248018
"Ithaca, New York, USA",2,22,14428.85758717949,664.8455696337583
"Ithaca, New York, USA",2,23,13881.120351923077,565.1220062873364
"Ithaca, New York, USA",3,0,12903.36519447514,496.2362785963216
"Ithaca, New York, USA",3,1,12750.690654143647,443.7384769497903
"Ithaca, New York, USA",3,2,12651.463995027623,401.87342501531344
"Ithaca, New York, USA",3,3,12655.75644475138,419.1591979502355
"Ithaca, New York, USA",3,4,12791.729373480664,454.79110658709465
"Ithaca, New York, USA",3,5,13213.451932596687,578.6701998114482
"Ithaca, New York, USA",3,6,14078.221483333335,745.124073481906
"Ithaca, New York, USA",3,7,14925.984026666665,883.5706535408708
"Ithaca, New York, USA",3,8,15825.834117222223,1242.2414327004137
"Ithaca, New York, USA",3,9,16345.456308839779,1500.272392072752
"Ithaca, New York, USA",3,10,16628.48453149171,1617.4257438818097
"Ithaca, New York, USA",3,11,16787.081029834255,1633.1569418369327
"Ithaca, New York, USA",3,12,16836.681629281768,1549.0329473544948
"Ithaca, New York, USA",3,13,16873.136832596687,1569.0108447413295
"Ithaca, New York, USA",3,14,16897.376656353594,1550.137490874853
"Ithaca, New York, USA",3,15,16828.989730939225,1505.9959680769207
"Ithaca, New York, USA",3,16,16573.29686850829,1411.5725299228081
"Ithaca, New York, USA",3,17,15969.49069723757,1179.0237928542363
"Ithaca, New York, USA",3,18,15441.109669613259,1030.4289908500461
"Ithaca, New York, USA",3,19,15005.201150828729,897.4850363238409
"Ithaca, New York, USA",3,20,14637.205847513813,868.9842478304096
"Ithaca, New York, USA",3,21,14267.667771823206,765.6648808220178
"Ithaca, New York, USA",3,22,13658.873113259668,674.0668133226587
"Ithaca, New York, USA",3,23,13235.326611602211,596.7009208013235
"Ithaca, New York, USA",4,0,13476.749448618784,447.04310254822747
"Ithaca, New York, USA",4,1,13208.13494475138,399.3483719530232
"Ithaca, New York, USA",4,2,12975.495669613261,349.5208721085664
"Ithaca, New York, USA",4,3,12881.280800552486,342.349357468861
"Ithaca, New York, USA",4,4,12991.334483977902,379.69866291081814
"Ithaca, New York, USA",4,5,13500.527211049723,495.78159620267587
"Ithaca, New York, USA",4,6,14607.269585555556,741.07533500873
"Ithaca, New York, USA",4,7,15399.773749444445,890.1178962211854
"Ithaca, New York, USA",4,8,16315.533844444446,1317.9965347618613
"Ithaca, New York, USA",4,9,16955.931900555555,1597.1566626285694
"Ithaca, New York, USA",4,10,17261.257084444445,1694.5225218071532
"Ithaca, New York, USA",4,11,17423.03186077348,1652.117398616165
"Ithaca, New York, USA",4,12,17522.583934444447,1611.8269550557434
"Ithaca, New York, USA",4,13,17657.15027888889,1625.6018474915468
"Ithaca, New York, USA",4,14,17731.52366111111,1613.2885165142864
"Ithaca, New York, USA",4,15,17757.39700718232,1573.7853335864243
"Ithaca, New York, USA",4,16,17640.18512762431,1499.9190491000327
"Ithaca, New York, USA",4,17,17214.83798232044,1252.908117213597
"Ithaca, New York, USA",4,18,16770.513903867406,1078.9147070912354
"Ithaca, New York, USA",4,19,16310.343093922653,957.3281703540866
"Ithaca, New York, USA",4,20,15815.517218232044,864.0235021699905
"Ithaca, New York, USA",4,21,15232.095441436464,766.3756210199399
"Ithaca, New York, USA",4,22,14505.038353038673,648.5829203939867
"Ithaca, New York, USA",4,23,13910.544244198894,546.4771245892417
"London, UK",1,0,1677.6633142311593,855.1708367086802
"London, UK",1,1,1449.7809757554478,701.827023831501
"London, UK",1,2,1324.8242658634383,671.3098453049054
"London, UK",1,3,1235.4507622542374,644.3498196967204
"London, UK",1,4,1205.2884946653753,644.7503111803751
"London, UK",1,5,1214.7180782213075,640.9012540348394
"London, UK",1,6,1344.883722277724,689.7374595708118
"London, UK",1,7,1565.4132283406782,818.8807471840037
"London, UK",1,8,1831.561417138741,965.1149473295777
"London, UK",1,9,1928.9874292527845,988.447404403218
"London, UK",1,10,1967.5629175661018,1013.1405995316836
"London, UK",1,11,1974.910492257143,1016.5928465018719
"London, UK",1,12,2004.3719389907992,1035.1003398483406
"London, UK",1,13,2012.5324716288137,1047.1770082716005
"London, UK",1,14,2007.1955266077482,1043.2216188197579
"London, UK",1,15,2008.93270898184,1044.5848378040087
"London, UK",1,16,2148.0584062213075,1135.123552535048
"London, UK",1,17,2406.230736696126,1333.6640749500536
"London, UK",1,18,2562.780267047458,1496.8359369950645
"London, UK",1,19,2583.042797320339,1546.0091098922333
"London, UK",1,20,2465.9892561845036,1472.13609181571
"London, UK",1,21,2314.011023690557,1372.323111162007
"London, UK",1,22,2120.0038505542375,1222.5978640890892
"London, UK",1,23,1837.2660672784505,989.0281178985263
"London, UK",2,0,1522.7944833975544,625.0962194036285
"London, UK",2,1,1422.4004652372282,570.3659752443776
"London, UK",2,2,1333.5519081505436,589.6613825397766
"London, UK",2,3,1296.4746366747283,598.0304669962856
"London, UK",2,4,1288.7308649214674,593.6079356585915
"London, UK",2,5,1340.4280877959238,576.9789984773379
"London, UK",2,6,1476.502726347826,580.0196890204693
"London, UK",2,7,1621.1279545970108,625.3809167669756
"London, UK",2,8,1750.2914138793478,687.2380258274662
"London, UK",2,9,1839.3797236369564,722.6643152410089
"London, UK",2,10,1883.9121583630435,766.4101711541877
"London, UK",2,11,1920.8438187429347,779.6309589994686
"London, UK",2,12,1946.0643812456522,792.1907797910553
"London, UK",2,13,1934.019875807337,802.798107649611
"London, UK",2,14,1914.9696393597826,802.9568677069573
"London, UK",2,15,1942.1279165105977,794.5275534334536
"London, UK",2,16,2021.496256222826,804.7241251647416
"London, UK",2,17,2102.453394775272,837.5071096978296
"London, UK",2,18,2156.7412236432065,907.4718371410104
"London, UK",2,19,2163.529818735326,974.5185647250162
"London, UK",2,20,2127.23290294212,955.4045845875589
"London, UK",2,21,2014.7238785317936,893.1272328305707
"London, UK",2,22,1824.155082354076,784.4031937572854
"London, UK",2,23,1601.95629700625,680.4892781910078
"London, UK",3,0,1572.6351703644023,368.19057307365887
"London, UK",3,1,1469.312233411413,434.494941268077
"London, UK",3,2,1399.7468934850544,462.9868710962773
"London, UK",3,3,1361.4804089654892,470.2770419204942
"London, UK",3,4,1365.0069459391304,453.1383918584531
"London, UK",3,5,1421.249545648913,397.36906997273303
"London, UK",3,6,1566.4525782263588,311.2815815013511
"London, UK",3,7,1712.570529326087,263.4883921406195
"London, UK",3,8,1837.4301026820654,262.1991893503305
"London, UK",3,9,1952.7940836826085,336.81305879084357
"London, UK",3,10,2018.1489315380434,417.37651942356206
"London, UK",3,11,2065.7970184921196,433.81131111911856
"London, UK",3,12,2092.7195796214673,453.92723898037843
"London, UK",3,13,2068.7109111429345,483.26478413313174
"London, UK",3,14,2059.539450539946,501.20921905741625
"London, UK",3,15,2100.522347229348,482.47352973757984
"London, UK",3,16,2191.0842548722826,428.3822003481618
"London, UK",3,17,2264.7538988752717,359.57533372595236
"London, UK",3,18,2280.591105402174,308.15575028837344
"London, UK",3,19,2227.5225837442936,293.4847107800731
"London, UK",3,20,2213.2240619769022,314.0484629038149
"London, UK",3,21,2145.822211361413,324.5549010671446
"London, UK",3,22,1939.0184233706523,265.4897697928596
"London, UK",3,23,1700.289589135598,308.89970537347557
"London, UK",4,0,1644.6994855242333,417.3209373157484
"London, UK",4,1,1465.710772984049,358.3114666874629
"London, UK",4,2,1371.6501082733128,392.47700495766895
"London, UK",4,3,1348.7448291466258,429.3367951643764
"London, UK",4,4,1295.847418103681,346.8069792369366
"London, UK",4,5,1376.4243383546013,331.11535165052777
"London, UK",4,6,1640.9004932407975,367.02903334153604
"London, UK",4,7,1849.057456458282,424.30912395022665
"London, UK",4,8,1997.2628674938649,444.8451831750034
"London, UK",4,9,2130.6617822620797,443.21215227421783
"London, UK",4,10,2146.005531474312,458.1335402799156
"London, UK",4,11,2136.468323528746,438.25202332469627
"London, UK",4,12,2202.4100788813453,486.0005192074194
"London, UK",4,13,2194.7221069443426,496.8155558133865
"London, UK",4,14,2178.019964177982,512.4964624197961
"London, UK",4,15,2206.396884662385,491.81048266418526
"London, UK",4,16,2381.7198021201834,509.66632474061527
"London, UK",4,17,2671.3740192217124,710.0654934608511
"London, UK",4,18,2811.3353250183486,885.2910051799781
"London, UK",4,19,2762.7023770605506,938.4335268667078
"London, UK",4,20,2643.017542227523,864.87402359324
"London, UK",4,21,2436.470350414373,796.8411287270101
"London, UK",4,22,2117.895821078899,676.6613222689964
"London, UK",4,23,1847.4811767024466,516.5508072852657
"Minneapolis, Minnesota, USA",1,0,27460.700003448273,1213.295937448425
"Minneapolis, Minnesota, USA",1,1,26606.55546034483,1086.362886211178
"Minneapolis, Minnesota, USA",1,2,26140.724732758623,1069.1673922705031
"Minneapolis, Minnesota, USA",1,3,25910.35052471264,1091.9153580949471
"Minneapolis, Minnesota, USA",1,4,25837.92272126437,1099.4715634090749
"Minneapolis, Minnesota, USA",1,5,25922.985758045976,1094.364319931899
"Minneapolis, Minnesota, USA",1,6,26808.110875287355,1172.1349207858125
"Minneapolis, Minnesota, USA",1,7,29262.161772988507,1848.8844404199006
"Minneapolis, Minnesota, USA",1,8,31381.97188850575,2722.8283876193263
"Minneapolis, Minnesota, USA",1,9,33047.18037701149,3470.7454372715274
"Minneapolis, Minnesota, USA",1,10,34246.078875287356,4036.7317209222633
"Minneapolis, Minnesota, USA",1,11,35036.54142183908,4279.167272618437
"Minneapolis, Minnesota, USA",1,12,35418.38382471265,4248.238609090203
"Minneapolis, Minnesota, USA",1,13,35653.056052873566,4189.678800087536
"Minneapolis, Minnesota, USA",1,14,35649.23228908046,4152.246545446552
"Minneapolis, Minnesota, USA",1,15,35589.99982758621,4066.9501968054783
"Minneapolis, Minnesota, USA",1,16,35337.21441666667,3832.2365550359764
"Minneapolis, Minnesota, USA",1,17,34761.77516206897,3489.2370936898274
"Minneapolis, Minnesota, USA",1,18,33677.82517931034,2997.5439431336417
"Minneapolis, Minnesota, USA",1,19,32455.295531609197,2538.89234036149
"Minneapolis, Minnesota, USA",1,20,31550.420470689653,2224.9300315581336
"Minneapolis, Minnesota, USA",1,21,30550.652998850575,1946.6268659411503
"Minneapolis, Minnesota, USA",1,22,29605.218983908046,1649.6213355968637
"Minneapolis, Minnesota, USA",1,23,28354.117344827584,1375.868641487228
"Minneapolis, Minnesota, USA",2,0,27582.616640760873,2014.4197747240141
"Minneapolis, Minnesota, USA",2,1,26536.729298369562,1796.0694659275812
"Minneapolis, Minnesota, USA",2,2,25808.684866304346,2217.1223046284463
"Minneapolis, Minnesota, USA",2,3,25510.234367391302,2198.2781351596473
"Minneapolis, Minnesota, USA",2,4,25568.273690217393,1960.3089142972544
"Minneapolis, Minnesota, USA",2,5,25503.755713043476,1614.3587278378518
"Minneapolis, Minnesota, USA",2,6,26341.83649402174,1753.265149300534
"Minneapolis, Minnesota, USA",2,7,28918.180859239128,2511.6508353139675
"Minneapolis, Minnesota, USA",2,8,31151.348629891305,3410.5380474360563
"Minneapolis, Minnesota, USA",2,9,33419.74202336957,5237.330392093295
"Minneapolis, Minnesota, USA",2,10,34702.379895108694,4623.112488108098
"Minneapolis, Minnesota, USA",2,11,35808.16501086956,5022.086043845829
"Minneapolis, Minnesota, USA",2,12,36545.05545326087,5199.033222223829
"Minneapolis, Minnesota, USA",2,13,37079.31653423913,5194.739416432791
"Minneapolis, Minnesota, USA",2,14,37279.91733206522,5245.1110292297335
"Minneapolis, Minnesota, USA",2,15,37508.289532608695,5352.6632655744015
"Minneapolis, Minnesota, USA",2,16,37214.299885869565,5160.667024569461
"Minneapolis, Minnesota, USA",2,17,36458.4092875,4928.33552644662
"Minneapolis, Minnesota, USA",2,18,35044.789608152176,4456.045382262456
"Minneapolis, Minnesota, USA",2,19,33515.925223913044,3911.314381654931
"Minneapolis, Minnesota, USA",2,20,32538.00929945652,3446.323807347592
"Minneapolis, Minnesota, USA",2,21,31474.499098369564,3051.5783486995438
"Minneapolis, Minnesota, USA",2,22,30316.050782065216,2672.4238971791783
"Minneapolis, Minnesota, USA",2,23,28693.703613586957,2280.4864948088866
"Minneapolis, Minnesota, USA",3,0,35651.37327445652,4844.658105040413
"Minneapolis, Minnesota, USA",3,1,34222.65815380435,4696.521605245904
"Minneapolis, Minnesota, USA",3,2,33410.58272391304,4594.887043711211
"Minneapolis, Minnesota, USA",3,3,32952.511319565216,4555.049910499382
"Minneapolis, Minnesota, USA",3,4,32572.55843641304,4518.360784908772
"Minneapolis, Minnesota, USA",3,5,32496.44346956522,4470.502428728815
"Minneapolis, Minnesota, USA",3,6,33812.06544021739,4881.989222011962
"Minneapolis, Minnesota, USA",3,7,36962.76734076087,5985.605363949824
"Minneapolis, Minnesota, USA",3,8,40077.10937554348,7008.497396616595
"Minneapolis, Minnesota, USA",3,9,42755.71984184782,7542.725321372531
"Minneapolis, Minnesota, USA",3,10,44747.83429836957,7808.642785498617
"Minneapolis, Minnesota, USA",3,11,46335.585858152175,8032.225768296283
"Minneapolis, Minnesota, USA",3,12,47277.995103260866,8069.808513759935
"Minneapolis, Minnesota, USA",3,13,47947.171846739126,7973.252244648672
"Minneapolis, Minnesota, USA",3,14,48329.86693206522,7899.865040340565
"Minneapolis, Minnesota, USA",3,15,48674.19578152174,7821.080003613065
"Minneapolis, Minnesota, USA",3,16,48520.36758858695,7780.865610026423
"Minneapolis, Minnesota, USA",3,17,47669.12159293478,7505.825770764461
"Minneapolis, Minnesota, USA",3,18,45672.69032336957,7121.191789160532
"Minneapolis, Minnesota, USA",3,19,43473.631742934784,6667.56838071375
"Minneapolis, Minnesota, USA",3,20,41971.03594565218,6241.910041692553
"Minneapolis, Minnesota, USA",3,21,40392.86053369565,5822.186159625256
"Minneapolis, Minnesota, USA",3,22,38935.82443804348,5439.042339036006
"Minneapolis, Minnesota, USA",3,23,36967.65108206522,5027.750672582651
"Minneapolis, Minnesota, USA",4,0,30458.782881868134,4118.030313179243
"Minneapolis, Minnesota, USA",4,1,29225.592315934067,3809.5032937519622
"Minneapolis, Minnesota, USA",4,2,28799.325385164833,4127.6423121521275
"Minneapolis, Minnesota, USA",4,3,28268.35715,3695.7750260396747
"Minneapolis, Minnesota, USA",4,4,28023.90560714286,3610.026841962628
"Minneapolis, Minnesota, USA",4,5,28022.113759340657,3550.8236247225555
"Minneapolis, Minnesota, USA",4,6,29026.83839065934,3742.3759702735565
"Minneapolis, Minnesota, USA",4,7,31879.384900549452,4435.808665373644
"Minneapolis, Minnesota, USA",4,8,34240.806029670326,5215.410623294273
"Minneapolis, Minnesota, USA",4,9,36223.736584615384,5867.33591883334
"Minneapolis, Minnesota, USA",4,10,37859.518378571425,6470.951662845309
"Minneapolis, Minnesota, USA",4,11,39135.205755494506,6913.99850691684
"Minneapolis, Minnesota, USA",4,12,40108.50563296703,7189.835960901711
"Minneapolis, Minnesota, USA",4,13,40872.197128571424,7342.581974818699
"Minneapolis, Minnesota, USA",4,14,41478.18763021978,7717.072271566199
"Minneapolis, Minnesota, USA",4,15,41689.28483186813,7642.0695003503615
"Minneapolis, Minnesota, USA",4,16,41414.60823131868,7497.908997863993
"Minneapolis, Minnesota, USA",4,17,40767.07648901099,7213.991805837782
"Minneapolis, Minnesota, USA",4,18,39246.30035824176,6720.794978935991
"Minneapolis, Minnesota, USA",4,19,37518.99047747253,6064.82462767615
"Minneapolis, Minnesota, USA",4,20,36237.67763351648,5669.1444692442865
"Minneapolis, Minnesota, USA",4,21,34818.73428901099,5319.2788725675355
"Minneapolis, Minnesota, USA",4,22,33504.64118846154,4923.276501867831
"Minneapolis, Minnesota, USA",4,23,31721.05321373626,4461.160145009124
"Oakland, California, USA",1,0,13423.384646551724,624.4738192167914
"Oakland, California, USA",1,1,13306.448375862068,573.1666057802711
"Oakland, California, USA",1,2,13164.029943103447,560.9779069306932
"Oakland, California, USA",1,3,13089.744416666666,543.017894426921
"Oakland, California, USA",1,4,13087.898460919541,551.6144241043527
"Oakland, California, USA",1,5,13324.170088505747,610.6528337896282
"Oakland, California, USA",1,6,13986.607753448277,741.5965294126909
"Oakland, California, USA",1,7,14876.152903448277,1121.6039973856748
"Oakland, California, USA",1,8,15648.690730459772,1439.50226319972
"Oakland, California, USA",1,9,16428.249750574712,1779.8475157019238
"Oakland, California, USA",1,10,16859.045665517242,1963.2797423110285
"Oakland, California, USA",1,11,17179.021800000002,2023.0356088201129
"Oakland, California, USA",1,12,17316.740737356322,1990.28659642746
"Oakland, California, USA",1,13,17488.849388505747,2036.9325144271932
"Oakland, California, USA",1,14,17457.499703448277,2060.4098148727967
"Oakland, California, USA",1,15,17412.07097586207,1987.1456924448764
"Oakland, California, USA",1,16,17224.589199425285,1881.7617746610308
"Oakland, California, USA",1,17,16738.219149425287,1709.6193054506703
"Oakland, California, USA",1,18,16201.336597126437,1476.7245885743234
"Oakland, California, USA",1,19,15700.504210344829,1318.6992561664902
"Oakland, California, USA",1,20,15158.06242356322,1114.0465605318855
"Oakland, California, USA",1,21,14550.936603448275,931.5414228652933
"Oakland, California, USA",1,22,13962.982798275862,755.2509774062622
"Oakland, California, USA",1,23,13698.01697126437,678.5790817090217
"Oakland, California, USA",2,0,13700.145153260872,537.9964526750249
"Oakland, California, USA",2,1,13552.13880380435,516.1846129968051
"Oakland, California, USA",2,2,13366.123275824175,493.1766215469032
"Oakland, California, USA",2,3,13277.148107608697,478.1889450865644
"Oakland, California, USA",2,4,13311.522695108697,489.82334578079553
"Oakland, California, USA",2,5,13508.019647282608,508.46955003730096
"Oakland, California, USA",2,6,14121.85750597826,627.9228809256164
"Oakland, California, USA",2,7,15148.096286413045,1025.0509550715358
"Oakland, California, USA",2,8,16088.528971195652,1276.6095111560032
"Oakland, California, USA",2,9,16981.49214347826,1503.9721096312883
"Oakland, California, USA",2,10,17531.959348913046,1616.06183257896
"Oakland, California, USA",2,11,17918.753034239133,1649.7245956947625
"Oakland, California, USA",2,12,18111.411579347827,1601.0591611611756
"Oakland, California, USA",2,13,18315.901007608696,1630.9922696778112
"Oakland, California, USA",2,14,18347.26920597826,1626.8134138262228
"Oakland, California, USA",2,15,18279.757810326086,1604.9358643315873
"Oakland, California, USA",2,16,18029.180020652177,1541.3793084789224
"Oakland, California, USA",2,17,17362.67825326087,1355.8673789845927
"Oakland, California, USA",2,18,16781.77655380435,1218.422611334536
"Oakland, California, USA",2,19,16305.609280434785,1153.1403343456398
"Oakland, California, USA",2,20,15694.447639130436,997.8449148926842
"Oakland, California, USA",2,21,15019.608302173914,858.4422483760353
"Oakland, California, USA",2,22,14338.863988043477,675.8925365848659
"Oakland, California, USA",2,23,13989.532883152173,614.4896955060825
"Oakland, California, USA",3,0,13668.431692391305,620.5539442385284
"Oakland, California, USA",3,1,13539.231340217391,607.714926748148
"Oakland, California, USA",3,2,13385.101089130434,572.8683814629968
"Oakland, California, USA",3,3,13303.334085326087,556.3219446921822
"Oakland, California, USA",3,4,13311.972428804347,584.1669937258703
"Oakland, California, USA",3,5,13539.299646195652,589.866666038673
"Oakland, California, USA",3,6,14132.848363586958,694.1290440105271
"Oakland, California, USA",3,7,15077.080939130436,992.7824477977252
"Oakland, California, USA",3,8,16015.921077717392,1240.4936152538073
"Oakland, California, USA",3,9,16934.24948423913,1443.6592612369582
"Oakland, California, USA",3,10,17488.53044130435,1624.893180352798
"Oakland, California, USA",3,11,17892.480185326087,1688.1627280628968
"Oakland, California, USA",3,12,18080.49324456522,1650.1412635213248
"Oakland, California, USA",3,13,18283.790339130435,1635.6933043694103
"Oakland, California, USA",3,14,18277.971387499998,1699.2320831161744
"Oakland, California, USA",3,15,18237.60784130435,1604.2357864149221
"Oakland, California, USA",3,16,18020.13770271739,1513.255682398892
"Oakland, California, USA",3,17,17343.058420652174,1337.5772583727842
"Oakland, California, USA",3,18,16636.886754891304,1233.7129287424868
"Oakland, California, USA",3,19,16067.227525543478,1119.3943489657177
"Oakland, California, USA",3,20,15507.286351086956,978.2533387045958
"Oakland, California, USA",3,21,14884.91293695652,850.6025645446928
"Oakland, California, USA",3,22,14263.131266847828,761.9724280030605
"Oakland, California, USA",3,23,13994.272785869567,701.8313005777849
"Oakland, California, USA",4,0,14317.961275274725,951.3891589992936
"Oakland, California, USA",4,1,14149.086147802198,945.9876345169656
"Oakland, California, USA",4,2,13927.90819835165,925.8426527340806
"Oakland, California, USA",4,3,13810.702050549451,900.2422777489095
"Oakland, California, USA",4,4,13849.370114285713,926.7336528944219
"Oakland, California, USA",4,5,14099.48595054945,947.8394394993078
"Oakland, California, USA",4,6,14813.658807142858,1058.9603898758942
"Oakland, California, USA",4,7,15727.850077472527,1293.828454471976
"Oakland, California, USA",4,8,16664.45923846154,1556.486341984033
"Oakland, California, USA",4,9,17681.66788846154,1733.8621521032762
"Oakland, California, USA",4,10,18352.54672692308,1884.4425677946124
"Oakland, California, USA",4,11,18800.76622692308,1938.496882273923
"Oakland, California, USA",4,12,19019.40055769231,1862.4450472625126
"Oakland, California, USA",4,13,19223.268375274725,1872.7900881573237
"Oakland, California, USA",4,14,19242.196926373625,1863.9458940530712
"Oakland, California, USA",4,15,19213.477454395605,1852.843755988055
"Oakland, California, USA",4,16,18960.764756593406,1793.932274969717
"Oakland, California, USA",4,17,18349.613897252748,1616.44528978077
"Oakland, California, USA",4,18,17777.38873956044,1464.5981376636862
"Oakland, California, USA",4,19,17248.982415384617,1333.9392890780412
"Oakland, California, USA",4,20,16557.113467032967,1226.798019477345
"Oakland, California, USA",4,21,15835.725895054946,1099.4087246959266
"Oakland, California, USA",4,22,15042.93058131868,1021.3846847801401
"Oakland, California, USA",4,23,14659.115104945055,986.389614555026
"Orlando, Florida, USA",1,0,6876.478318965517,4585.502968765066
"Orlando, Florida, USA",1,1,6798.87867586207,4516.941112567241
"Orlando, Florida, USA",1,2,6704.219359770114,4461.577885644966
"Orlando, Florida, USA",1,3,6609.143045402299,4381.899075181507
"Orlando, Florida, USA",1,4,6590.399104597701,4379.881652975689
"Orlando, Florida, USA",1,5,6724.370216666667,4462.002522477269
"Orlando, Florida, USA",1,6,7217.013755172414,4818.727268263143
"Orlando, Florida, USA",1,7,7947.90958045977,5329.547833591558
"Orlando, Florida, USA",1,8,7934.896609770115,5340.763422218843
"Orlando, Florida, USA",1,9,7960.139995402299,5359.37881914827
"Orlando, Florida, USA",1,10,8014.512386206896,5406.153928696732
"Orlando, Florida, USA",1,11,8099.404254022988,5446.598909552583
"Orlando, Florida, USA",1,12,8173.285651724138,5513.8297157618
"Orlando, Florida, USA",1,13,8192.199049425288,5526.664500370384
"Orlando, Florida, USA",1,14,8175.869132758621,5527.254794920684
"Orlando, Florida, USA",1,15,8134.23626321839,5492.729393806494
"Orlando, Florida, USA",1,16,8071.505214367817,5450.165892373169
"Orlando, Florida, USA",1,17,8064.3533431034475,5414.000823554063
"Orlando, Florida, USA",1,18,8305.309050574713,5570.2713070114405
"Orlando, Florida, USA",1,19,8250.630786206897,5581.659323876877
"Orlando, Florida, USA",1,20,8216.829177456646,5535.757880582676
"Orlando, Florida, USA",1,21,8117.2223231213875,5454.369687339453
"Orlando, Florida, USA",1,22,7739.733345086705,5205.811418845976
"Orlando, Florida, USA",1,23,7084.361258381503,4746.16913555192
"Orlando, Florida, USA",2,0,7289.394077857143,4379.161677502351
"Orlando, Florida, USA",2,1,8136.005171544715,3603.702519010284
"Orlando, Florida, USA",2,2,6755.3798137931035,4388.892188722429
"Orlando, Florida, USA",2,3,8289.15379322034,3177.226280334628
"Orlando, Florida, USA",2,4,6719.839321379311,4294.787231447521
"Orlando, Florida, USA",2,5,7860.237915079365,3728.740115641905
"Orlando, Florida, USA",2,6,7525.811352517986,4468.064559267668
"Orlando, Florida, USA",2,7,8797.43057007874,4294.2381211974425
"Orlando, Florida, USA",2,8,7831.3381205479445,5104.295527440555
"Orlando, Florida, USA",2,9,9167.567856692915,4502.595210971586
"Orlando, Florida, USA",2,10,8287.3189006993,5216.488188816822
"Orlando, Florida, USA",2,11,9822.878663934425,4313.744599622499
"Orlando, Florida, USA",2,12,8636.05115744681,5319.9806499561055
"Orlando, Florida, USA",2,13,10184.0643775,4255.991610557039
"Orlando, Florida, USA",2,14,8482.194402083334,5426.446107116309
"Orlando, Florida, USA",2,15,10426.829817094016,3974.5048578380292
"Orlando, Florida, USA",2,16,8978.666079999999,5072.676870929233
"Orlando, Florida, USA",2,17,9298.31741875,4639.0654867006
"Orlando, Florida, USA",2,18,8049.516352702703,5286.577123623975
"Orlando, Florida, USA",2,19,9570.940431496063,4570.002862950323
"Orlando, Florida, USA",2,20,8670.768284172662,5068.356594062395
"Orlando, Florida, USA",2,21,9881.949933884298,4038.892662164618
"Orlando, Florida, USA",2,22,8470.97838014706,4720.996655308463
"Orlando, Florida, USA",2,23,8762.617305737704,3680.2996050128036
"Orlando, Florida, USA",3,0,10203.50289125683,408.86563649067097
"Orlando, Florida, USA",3,1,10022.758715217391,402.7769463385621
"Orlando, Florida, USA",3,2,9914.81365652174,306.77562303684664
"Orlando, Florida, USA",3,3,9824.340442391305,281.02268975943116
"Orlando, Florida, USA",3,4,9792.218593478261,270.4812526204787
"Orlando, Florida, USA",3,5,9913.1386625,273.29059663486686
"Orlando, Florida, USA",3,6,10433.788785869565,371.58630093827117
"Orlando, Florida, USA",3,7,10803.166994021738,487.03183692515023
"Orlando, Florida, USA",3,8,11103.70986576087,632.4094911546434
"Orlando, Florida, USA",3,9,11446.844302173913,772.3195636064887
"Orlando, Florida, USA",3,10,11724.453543478261,850.6048080090937
"Orlando, Florida, USA",3,11,11898.036063043479,990.4340196913604
"Orlando, Florida, USA",3,12,12098.814530434784,1047.6053663794632
"Orlando, Florida, USA",3,13,12177.24445271739,927.6519412920894
"Orlando, Florida, USA",3,14,12202.409683152173,919.6952175288535
"Orlando, Florida, USA",3,15,12189.657311956522,917.6861845313963
"Orlando, Florida, USA",3,16,12095.650160326086,889.1146986159447
"Orlando, Florida, USA",3,17,11861.109420108694,790.023148753688
"Orlando, Florida, USA",3,18,11646.656612499999,711.4232444473157
"Orlando, Florida, USA",3,19,11437.449029891304,1020.2775703660341
"Orlando, Florida, USA",3,20,11517.63032021858,647.7183269886431
"Orlando, Florida, USA",3,21,11506.325260109288,585.8558976697917
"Orlando, Florida, USA",3,22,11224.14226830601,536.0594752510474
"Orlando, Florida, USA",3,23,10557.864773770492,481.56356460334877
"Orlando, Florida, USA",4,0,10425.827228021979,423.9928788777482
"Orlando, Florida, USA",4,1,10193.18613021978,365.472839691099
"Orlando, Florida, USA",4,2,10002.568806043957,327.78722174957727
"Orlando, Florida, USA",4,3,9842.49593846154,304.39944360136246
"Orlando, Florida, USA",4,4,9727.463192857143,259.54607759226946
"Orlando, Florida, USA",4,5,9863.25023021978,253.70863122955723
"Orlando, Florida, USA",4,6,10449.167677472527,346.61923251642935
"Orlando, Florida, USA",4,7,11260.61451868132,536.3264563240043
"Orlando, Florida, USA",4,8,11417.959839560439,779.3286728049785
"Orlando, Florida, USA",4,9,11701.717152747255,949.0732258453525
"Orlando, Florida, USA",4,10,11956.36095054945,1013.523470225828
"Orlando, Florida, USA",4,11,12167.124825824176,1057.2133752557677
"Orlando, Florida, USA",4,12,12411.490504945055,1123.3770637311507
"Orlando, Florida, USA",4,13,12508.115696703297,1116.6916562686727
"Orlando, Florida, USA",4,14,12499.642045054945,1096.0138804998076
"Orlando, Florida, USA",4,15,12467.52605,1075.3452897048696
"Orlando, Florida, USA",4,16,12403.881271428572,1020.1829654646288
"Orlando, Florida, USA",4,17,12273.636806043954,871.8611747016218
"Orlando, Florida, USA",4,18,12290.148915934067,764.9573030037938
"Orlando, Florida, USA",4,19,12330.47580879121,678.4575121733509
"Orlando, Florida, USA",4,20,12265.517442307693,587.3318868886902
"Orlando, Florida, USA",4,21,12039.89556923077,525.9313920923433
"Orlando, Florida, USA",4,22,11633.263077472528,500.10337255326937
"Orlando, Florida, USA",4,23,10820.695189010989,493.2779500933065
"Ottawa, CA",1,0,816.4748741258742,37.931154902687155
"Ottawa, CA",1,1,809.4513356643356,36.6178656590161
"Ottawa, CA",1,2,798.9942587412588,35.272238593009035
"Ottawa, CA",1,3,800.0500279720279,34.59822019906333
"Ottawa, CA",1,4,803.2377972027972,36.45614674916441
"Ottawa, CA",1,5,828.7718041958042,40.52332619967588
"Ottawa, CA",1,6,894.2631468531468,59.741906781595276
"Ottawa, CA",1,7,1047.1719650349648,117.95082021199289
"Ottawa, CA",1,8,1146.8441538461539,173.04567028992335
"Ottawa, CA",1,9,1225.382041958042,199.29483259252538
"Ottawa, CA",1,10,1270.9595944055945,216.17358546949188
"Ottawa, CA",1,11,1295.7062447552446,222.85367841292643
"Ottawa, CA",1,12,1298.345965034965,217.9254565007543
"Ottawa, CA",1,13,1306.6265384615385,220.11969934105556
"Ottawa, CA",1,14,1299.267027972028,210.68212754071888
"Ottawa, CA",1,15,1272.8168531468532,193.50194709003108
"Ottawa, CA",1,16,1226.1007272727272,165.81087871101235
"Ottawa, CA",1,17,1170.146909090909,138.9089064229448
"Ottawa, CA",1,18,1115.1317272727272,113.20954129644653
"Ottawa, CA",1,19,1074.8121048951048,104.59617548125668
"Ottawa, CA",1,20,1031.2683286713288,92.95309506804627
"Ottawa, CA",1,21,963.8328461538462,69.69420484135772
"Ottawa, CA",1,22,897.8699160839161,52.0972330514071
"Ottawa, CA",1,23,828.9921678321679,39.81513566524742
"Ottawa, CA",2,0,846.2854456521738,127.11814653050988
"Ottawa, CA",2,1,838.0254450549451,120.79307053505599
"Ottawa, CA",2,2,822.3554891304348,124.79182617016676
"Ottawa, CA",2,3,823.8366358695652,115.80551393581271
"Ottawa, CA",2,4,823.1648206521738,113.67335808741329
"Ottawa, CA",2,5,839.9687717391304,108.6247902262977
"Ottawa, CA",2,6,916.0182989130435,110.86562564177837
"Ottawa, CA",2,7,1086.115652173913,151.0267329639298
"Ottawa, CA",2,8,1203.3052065217391,194.18471431443285
"Ottawa, CA",2,9,1287.91625,215.59689275758126
"Ottawa, CA",2,10,1335.7767391304349,235.07561590515607
"Ottawa, CA",2,11,1359.5276195652173,235.40745983366972
"Ottawa, CA",2,12,1363.6662717391305,230.84081819441909
"Ottawa, CA",2,13,1377.292652173913,235.6544168441862
"Ottawa, CA",2,14,1372.6292663043478,238.116371908859
"Ottawa, CA",2,15,1354.4969945652174,225.27546157250438
"Ottawa, CA",2,16,1294.463293478261,201.0370679761545
"Ottawa, CA",2,17,1222.9493315217392,186.25973525200314
"Ottawa, CA",2,18,1165.8516032608695,182.79009592440957
"Ottawa, CA",2,19,1125.489206521739,163.7697807431079
"Ottawa, CA",2,20,1074.9994239130435,157.0070151120945
"Ottawa, CA",2,21,1010.2772608695652,145.01670722676516
"Ottawa, CA",2,22,928.3209239130434,129.308964069201
"Ottawa, CA",2,23,864.0272119565218,134.824429853073
"Ottawa, CA",3,0,1224.5388097826087,200.0274407694824
"Ottawa, CA",3,1,1214.4311847826086,198.87893721285957
"Ottawa, CA",3,2,1196.0070489130435,202.67498748336007
"Ottawa, CA",3,3,1187.7915108695652,206.94249138471665
"Ottawa, CA",3,4,1181.7990760869566,206.47115065005852
"Ottawa, CA",3,5,1187.7402608695652,202.5971060151746
"Ottawa, CA",3,6,1271.1356195652174,188.02462574536634
"Ottawa, CA",3,7,1440.3463913043477,202.41144259164747
"Ottawa, CA",3,8,1566.934097826087,213.07101941374438
"Ottawa, CA",3,9,1660.5993206521741,240.89695256618052
"Ottawa, CA",3,10,1728.0291793478261,254.71323022633462
"Ottawa, CA",3,11,1755.6476684782608,264.79848597406544
"Ottawa, CA",3,12,1761.914679347826,262.03114262955296
"Ottawa, CA",3,13,1782.129711956522,264.76488291113924
"Ottawa, CA",3,14,1783.8292010869563,259.6292858831289
"Ottawa, CA",3,15,1761.5172336956523,250.91071067563843
"Ottawa, CA",3,16,1709.3797391304347,231.0419112549646
"Ottawa, CA",3,17,1628.8317771739132,207.51425805992997
"Ottawa, CA",3,18,1562.599972826087,195.6089708835869
"Ottawa, CA",3,19,1509.7636793478262,197.18844318093454
"Ottawa, CA",3,20,1449.116081521739,197.4442844186541
"Ottawa, CA",3,21,1379.1662880434783,195.6070519519756
"Ottawa, CA",3,22,1303.8432173913043,193.41665518001176
"Ottawa, CA",3,23,1245.665483695652,199.06203114008767
"Ottawa, CA",4,0,952.8455885714286,255.69378175596833
"Ottawa, CA",4,1,947.1551314285714,259.0856763654362
"Ottawa, CA",4,2,928.0531485714287,250.7764180437225
"Ottawa, CA",4,3,924.1037085714286,246.29304457187484
"Ottawa, CA",4,4,922.4814285714285,243.19286578390583
"Ottawa, CA",4,5,939.9576971428572,243.124830995597
"Ottawa, CA",4,6,1008.4492914285713,252.94758068463054
"Ottawa, CA",4,7,1183.3882628571428,311.6739016344943
"Ottawa, CA",4,8,1307.3943542857141,355.44127173270954
"Ottawa, CA",4,9,1408.9111028571429,395.71789862521666
"Ottawa, CA",4,10,1477.1972171428572,427.69485842691023
"Ottawa, CA",4,11,1506.38304,442.08534196181904
"Ottawa, CA",4,12,1524.7360057142855,448.9407412253165
"Ottawa, CA",4,13,1543.0875942857144,458.0423740026192
"Ottawa, CA",4,14,1543.6392914285714,458.9642299611844
"Ottawa, CA",4,15,1520.6598228571427,450.2578273558813
"Ottawa, CA",4,16,1467.7826457142858,435.6708696516215
"Ottawa, CA",4,17,1394.261,412.6309921871553
"Ottawa, CA",4,18,1325.078022857143,387.53205174550396
"Ottawa, CA",4,19,1268.9955485714286,366.9534476521208
"Ottawa, CA",4,20,1204.46856,341.12884055343125
"Ottawa, CA",4,21,1117.35528,311.1509834703387
"Ottawa, CA",4,22,1022.9098457142857,282.2830351371788
"Ottawa, CA",4,23,964.4273942857143,269.91955385692336
PT,1,0,128602.08789428737,29928.358485838362
PT,1,1,108679.80377671178,23616.009837102076
PT,1,2,103453.76023533983,22243.720857868517
PT,1,3,100062.92384565948,21025.27585424697
PT,1,4,98147.6139519996,20150.81536492172
PT,1,5,102922.99446484687,19150.669789280968
PT,1,6,119235.21188056875,19081.201373842858
PT,1,7,137651.92570474654,20514.18928410099
PT,1,8,148131.44319513597,22154.218386824276
PT,1,9,179697.90392692483,30727.12894883096
PT,1,10,199045.06946898752,39483.020372389954
PT,1,11,205611.49974333373,42667.73622326586
PT,1,12,209033.55431844853,43698.334622362854
PT,1,13,209050.95522886384,43914.550619802765
PT,1,14,208309.30411439264,44042.48667813891
PT,1,15,209825.02795158565,44509.919738968594
PT,1,16,211910.25858456432,45004.75309481335
PT,1,17,217265.98010607375,47148.013250883865
PT,1,18,226740.17221009967,49803.924567160124
PT,1,19,226467.00189199875,50437.94099193586
PT,1,20,218790.12928281038,49658.62353416432
PT,1,21,209235.39321253673,47162.36948098674
PT,1,22,190748.55446648833,42413.30963448079
PT,1,23,158785.96513266923,35426.886785311995
PT,2,0,132333.84336125109,27675.59458665331
PT,2,1,110920.17917525583,24376.279467266442
PT,2,2,106876.25644521374,21363.239407540037
PT,2,3,102928.54232516745,20147.870824568017
PT,2,4,101427.52680808518,18638.365510968895
PT,2,5,107271.20687294334,18297.44731776073
PT,2,6,121786.41889880138,17419.444070967143
PT,2,7,136500.73647188066,16989.135299047844
PT,2,8,145865.5136656519,18256.53561667157
PT,2,9,180261.93515027707,26486.828662101965
PT,2,10,205674.22665792695,40283.06788723491
PT,2,11,218827.3472543804,48015.022334052264
PT,2,12,224564.9326317904,50132.83189458809
PT,2,13,226133.98152928933,50962.48944192994
PT,2,14,226538.36368041765,52248.07564986235
PT,2,15,228850.9095547213,53720.74389906371
PT,2,16,231264.49397927232,54165.41245486176
PT,2,17,232012.97214738117,53900.2463214864
PT,2,18,231544.68200134524,53201.46161026416
PT,2,19,231745.9101149507,51507.34102349833
PT,2,20,228471.31680719537,50500.83928115709
PT,2,21,222067.0764770207,48281.28777241661
PT,2,22,201699.14332862222,41960.25419307211
PT,2,23,166045.23945182297,33249.069727710834
PT,3,0,153443.989770824,37288.609157570514
PT,3,1,127082.9906199727,27926.253345542606
PT,3,2,121546.34493155425,26761.296670367003
PT,3,3,117464.98550338516,25596.183238125963
PT,3,4,115351.5591367014,24483.074999861044
PT,3,5,120702.48608593924,23935.40966626218
PT,3,6,135480.07095812378,22546.278586800294
PT,3,7,149608.43677550543,22220.013526511786
PT,3,8,162232.96440270162,24731.725210261462
PT,3,9,224174.02000397063,49834.20517069459
PT,3,10,272226.1405265835,74897.11307533665
PT,3,11,291548.02502478583,82967.51718258848
PT,3,12,302079.03703062364,86886.84599075002
PT,3,13,309356.0085979087,88865.23824839703
PT,3,14,312448.1101422262,91210.94232916711
PT,3,15,316322.05330665986,92232.0173692992
PT,3,16,319907.2516790663,92900.65964373217
PT,3,17,319707.94912753365,92715.19106817889
PT,3,18,315719.02267384453,90750.47580296238
PT,3,19,307075.5679251819,87137.68282024091
PT,3,20,293311.57356072194,83681.27228296144
PT,3,21,284350.38826704526,80172.99931557613
PT,3,22,258929.9821697791,71536.34717418629
PT,3,23,205398.47166702885,55558.94989483392
PT,4,0,138354.59440831194,32990.984488115326
PT,4,1,119026.46166218987,28678.89437935976
PT,4,2,113613.62647915796,25258.457576641358
PT,4,3,110336.30128096357,24649.306673105082
PT,4,4,108795.69217621733,24023.435193146583
PT,4,5,113507.53599423058,23662.572031176413
PT,4,6,128688.34779555928,23329.187140304322
PT,4,7,143378.36935354918,22749.47384739142
PT,4,8,152031.48265465684,25611.620183228093
PT,4,9,196255.89644020138,44295.35973648161
PT,4,10,234888.61135671922,65354.024896307565
PT,4,11,248822.5601537249,72161.13834029253
PT,4,12,254291.20915361564,75304.54069808466
PT,4,13,257547.15925501834,77326.71208878272
PT,4,14,258232.68822585559,78730.12604234983
PT,4,15,261100.23086031806,79627.59278493506
PT,4,16,262833.8978395405,79577.4046141247
PT,4,17,264179.96796165814,78426.11977566296
PT,4,18,265670.82993344165,75740.11306110489
PT,4,19,263787.3742757746,73983.57207353138
PT,4,20,258650.3821591885,74288.15427259347
PT,4,21,248719.79981035832,71127.67632292374
PT,4,22,225458.1450957554,63126.80729336144
PT,4,23,178197.06614224348,47578.59986055689
"Phoenix, Arizona, USA",1,0,17968.586666666666,682.2809691319916
"Phoenix, Arizona, USA",1,1,17820.346666666665,672.7008938018226
"Phoenix, Arizona, USA",1,2,17904.510689655173,610.625707632336
"Phoenix, Arizona, USA",1,3,17909.708505747127,626.8878769363575
"Phoenix, Arizona, USA",1,4,18080.811264367818,697.8195697413468
"Phoenix, Arizona, USA",1,5,18663.519137931034,1039.723845343346
"Phoenix, Arizona, USA",1,6,19608.844999999998,1292.0811304090987
"Phoenix, Arizona, USA",1,7,19995.24488505747,1523.8204928337357
"Phoenix, Arizona, USA",1,8,20452.5041954023,1745.5614286643354
"Phoenix, Arizona, USA",1,9,20990.357413793103,2032.2803323413814
"Phoenix, Arizona, USA",1,10,21368.038218390804,2178.4378231963956
"Phoenix, Arizona, USA",1,11,21438.22183908046,2441.378982992553
"Phoenix, Arizona, USA",1,12,21624.445459770115,2264.6455371847574
"Phoenix, Arizona, USA",1,13,21684.85091954023,2237.1019302064124
"Phoenix, Arizona, USA",1,14,21601.375057471265,2261.7798142880984
"Phoenix, Arizona, USA",1,15,21514.051091954025,2233.9101648181827
"Phoenix, Arizona, USA",1,16,21251.221666666665,2152.5469044283955
"Phoenix, Arizona, USA",1,17,20848.0824137931,1845.2887531634078
"Phoenix, Arizona, USA",1,18,20783.312183908045,1656.8641768368866
"Phoenix, Arizona, USA",1,19,20501.34235632184,1532.8674700796944
"Phoenix, Arizona, USA",1,20,20014.921494252874,1830.426062094998
"Phoenix, Arizona, USA",1,21,19670.363735632185,1315.113167998993
"Phoenix, Arizona, USA",1,22,18971.52632183908,1308.0088864382487
"Phoenix, Arizona, USA",1,23,18339.033275862068,935.2669014266645
"Phoenix, Arizona, USA",2,0,18186.550869565217,1017.7680563191801
"Phoenix, Arizona, USA",2,1,17919.959945652172,1511.7585244125057
"Phoenix, Arizona, USA",2,2,17862.62967391304,2016.6025949273323
"Phoenix, Arizona, USA",2,3,17914.114402173913,1545.027193074102
"Phoenix, Arizona, USA",2,4,18073.32233695652,1430.6489807819873
"Phoenix, Arizona, USA",2,5,18723.72347826087,728.893191009769
"Phoenix, Arizona, USA",2,6,19243.343152173915,1009.66331928152
"Phoenix, Arizona, USA",2,7,19564.08543478261,1186.3741165719773
"Phoenix, Arizona, USA",2,8,20397.70315217391,1561.847143907173
"Phoenix, Arizona, USA",2,9,21241.146304347825,1805.0485154809062
"Phoenix, Arizona, USA",2,10,21790.587010869564,1918.5654738304024
"Phoenix, Arizona, USA",2,11,22071.97304347826,2146.1721235609807
"Phoenix, Arizona, USA",2,12,22187.79081521739,2565.0101527077554
"Phoenix, Arizona, USA",2,13,22457.132173913044,1972.7065135032633
"Phoenix, Arizona, USA",2,14,22484.08293478261,1975.6320612371273
"Phoenix, Arizona, USA",2,15,22396.258695652174,1967.9120093754682
"Phoenix, Arizona, USA",2,16,21967.04836956522,2476.777481392032
"Phoenix, Arizona, USA",2,17,21374.728695652175,1675.171240559038
"Phoenix, Arizona, USA",2,18,20839.38597826087,1437.3330499314582
"Phoenix, Arizona, USA",2,19,20780.05875,1326.5475943395895
"Phoenix, Arizona, USA",2,20,20432.41695652174,1167.1296207397752
"Phoenix, Arizona, USA",2,21,19920.19934782609,1068.3536894944484
"Phoenix, Arizona, USA",2,22,19416.46543478261,928.5197320194869
"Phoenix, Arizona, USA",2,23,18740.79875,698.0688880555457
"Phoenix, Arizona, USA",3,0,19305.800815217393,758.5040587979685
"Phoenix, Arizona, USA",3,1,19158.049673913043,833.3745843046341
"Phoenix, Arizona, USA",3,2,19236.855869565217,892.0406235139957
"Phoenix, Arizona, USA",3,3,19202.039945652174,1231.5056598422489
"Phoenix, Arizona, USA",3,4,19320.450217391302,1200.86030415719
"Phoenix, Arizona, USA",3,5,20034.674347826087,1025.7568380467044
"Phoenix, Arizona, USA",3,6,20549.57527173913,1233.4731782411654
"Phoenix, Arizona, USA",3,7,20970.387119565217,1303.8552142570163
"Phoenix, Arizona, USA",3,8,21757.79679347826,1762.5655097138463
"Phoenix, Arizona, USA",3,9,22604.097119565216,1760.608810529955
"Phoenix, Arizona, USA",3,10,22825.866032608694,1878.1620833650595
"Phoenix, Arizona, USA",3,11,22957.289836956523,1761.3248363618848
"Phoenix, Arizona, USA",3,12,23112.927880434785,1832.8177772547833
"Phoenix, Arizona, USA",3,13,23219.193967391308,1835.436855341955
"Phoenix, Arizona, USA",3,14,23292.883695652174,1779.058970978493
"Phoenix, Arizona, USA",3,15,23196.132934782607,1729.4237716466987
"Phoenix, Arizona, USA",3,16,22926.429456521735,1646.2305318165334
"Phoenix, Arizona, USA",3,17,22206.6925,1434.8596808969378
"Phoenix, Arizona, USA",3,18,21466.875054347827,1208.23272978717
"Phoenix, Arizona, USA",3,19,21223.048152173913,1122.4307837434453
"Phoenix, Arizona, USA",3,20,21112.27293478261,1032.9057198476887
"Phoenix, Arizona, USA",3,21,20676.975788043477,952.9055293056124
"Phoenix, Arizona, USA",3,22,20565.24543478261,1000.4124673740356
"Phoenix, Arizona, USA",3,23,19727.091956521737,1368.296917832222
"Phoenix, Arizona, USA",4,0,18742.463021978023,895.591003477369
"Phoenix, Arizona, USA",4,1,18544.137225274724,824.724026036727
"Phoenix, Arizona, USA",4,2,18508.427252747253,797.1672933901476
"Phoenix, Arizona, USA",4,3,18434.078626373626,738.7600819910374
"Phoenix, Arizona, USA",4,4,18513.926758241756,734.951626493209
"Phoenix, Arizona, USA",4,5,19054.29054945055,882.7096272122433
"Phoenix, Arizona, USA",4,6,19823.406923076924,1078.088366650202
"Phoenix, Arizona, USA",4,7,20026.72434065934,1288.3275337597524
"Phoenix, Arizona, USA",4,8,20832.003076923076,1936.6791660409904
"Phoenix, Arizona, USA",4,9,21791.773956043955,2178.641681561541
"Phoenix, Arizona, USA",4,10,22348.906373626374,2301.935721851252
"Phoenix, Arizona, USA",4,11,22690.354285714286,2207.7729435123733
"Phoenix, Arizona, USA",4,12,22994.39208791209,2200.657347675072
"Phoenix, Arizona, USA",4,13,23156.95467032967,2194.0227901052617
"Phoenix, Arizona, USA",4,14,23080.982032967037,2589.1737976986424
"Phoenix, Arizona, USA",4,15,23068.038296703297,2176.441570844828
"Phoenix, Arizona, USA",4,16,22733.144725274724,2063.2203298669883
"Phoenix, Arizona, USA",4,17,22187.702252747255,1734.3620119712416
"Phoenix, Arizona, USA",4,18,21934.45412087912,1481.7095619516856
"Phoenix, Arizona, USA",4,19,21540.990219780222,1328.7588660315357
"Phoenix, Arizona, USA",4,20,20948.588846153845,1263.2265692446554
"Phoenix, Arizona, USA",4,21,20306.518351648352,1577.4487403134867
"Phoenix, Arizona, USA",4,22,20024.60445054945,1197.4390361161995
"Phoenix, Arizona, USA",4,23,19274.91664835165,930.1782875123579
"Princeton, New Jersey, USA",1,0,6203.350716666667,685.1494531445747
"Princeton, New Jersey, USA",1,1,6095.528703448275,667.2414894524079
"Princeton, New Jersey, USA",1,2,6010.547997126437,672.7124659866806
"Princeton, New Jersey, USA",1,3,5936.95201091954,668.8268049012793
"Princeton, New Jersey, USA",1,4,5926.389336206897,669.6628996113983
"Princeton, New Jersey, USA",1,5,6059.856123563218,673.9869158715167
"Princeton, New Jersey, USA",1,6,6392.996529310345,714.8562212690555
"Princeton, New Jersey, USA",1,7,6739.309591954023,764.2013713797928
"Princeton, New Jersey, USA",1,8,6972.900869540229,851.2362891962139
"Princeton, New Jersey, USA",1,9,7216.46148908046,944.4212651384622
"Princeton, New Jersey, USA",1,10,7385.6570103448275,996.6839197990973
"Princeton, New Jersey, USA",1,11,7429.955981609195,1028.195832859718
"Princeton, New Jersey, USA",1,12,7445.098875287357,1044.1787914462761
"Princeton, New Jersey, USA",1,13,7517.069198850574,1069.0079119449172
"Princeton, New Jersey, USA",1,14,7507.150688505748,1068.8327452631243
"Princeton, New Jersey, USA",1,15,7481.541516666667,1042.1066418974174
"Princeton, New Jersey, USA",1,16,7442.810964942529,912.1852673351796
"Princeton, New Jersey, USA",1,17,7318.631590229885,870.1658191116175
"Princeton, New Jersey, USA",1,18,7181.558570114942,822.6832961315193
"Princeton, New Jersey, USA",1,19,7054.602755747127,781.5397671676775
"Princeton, New Jersey, USA",1,20,6962.695081609196,759.5935589115219
"Princeton, New Jersey, USA",1,21,6844.587251724138,743.5885590297626
"Princeton, New Jersey, USA",1,22,6702.419040804598,730.4561874862608
"Princeton, New Jersey, USA",1,23,6490.328341954022,706.8892186540187
"Princeton, New Jersey, USA",2,0,6697.322351086957,988.6831112936791
"Princeton, New Jersey, USA",2,1,6543.753668478261,953.9415234534613
"Princeton, New Jersey, USA",2,2,6417.946612087912,954.5543804740054
"Princeton, New Jersey, USA",2,3,6276.898321739131,1035.2960153410045
"Princeton, New Jersey, USA",2,4,6300.326732065218,959.0586635550965
"Princeton, New Jersey, USA",2,5,6458.944547282609,975.1660210555306
"Princeton, New Jersey, USA",2,6,6819.486189673913,1033.6799440536154
"Princeton, New Jersey, USA",2,7,7211.139076630434,1125.5341709281502
"Princeton, New Jersey, USA",2,8,7600.806126086956,1189.720839039502
"Princeton, New Jersey, USA",2,9,7924.936136413043,1262.0943627382778
"Princeton, New Jersey, USA",2,10,8174.111850543478,1326.2795533182739
"Princeton, New Jersey, USA",2,11,8264.249975543478,1321.9146373270637
"Princeton, New Jersey, USA",2,12,8299.543975543478,1301.9064365573292
"Princeton, New Jersey, USA",2,13,8409.54765978261,1316.8368315004025
"Princeton, New Jersey, USA",2,14,8419.30459402174,1308.243439029677
"Princeton, New Jersey, USA",2,15,8353.578192391304,1288.3832082402807
"Princeton, New Jersey, USA",2,16,8223.0455875,1238.8753205075893
"Princeton, New Jersey, USA",2,17,7963.463279347826,1193.321857632584
"Princeton, New Jersey, USA",2,18,7749.328891847826,1155.1751216032867
"Princeton, New Jersey, USA",2,19,7638.611406521739,1123.9070964865232
"Princeton, New Jersey, USA",2,20,7568.7214788043475,1066.4087387126115
"Princeton, New Jersey, USA",2,21,7444.583523913044,1036.82126395377
"Princeton, New Jersey, USA",2,22,7269.121494021739,1014.3789603930926
"Princeton, New Jersey, USA",2,23,7002.222718478261,1006.7900132404492
"Princeton, New Jersey, USA",3,0,6321.649023369565,998.4106620276802
"Princeton, New Jersey, USA",3,1,6232.619933152174,977.5257121606553
"Princeton, New Jersey, USA",3,2,6173.168183695653,985.1911816677896
"Princeton, New Jersey, USA",3,3,6136.507448913044,985.5099552451484
"Princeton, New Jersey, USA",3,4,6163.771793478261,997.0832188585682
"Princeton, New Jersey, USA",3,5,6309.663533695652,1001.7076575840746
"Princeton, New Jersey, USA",3,6,6638.891911956523,1088.7388349212486
"Princeton, New Jersey, USA",3,7,7079.034477173913,1166.1793446450006
"Princeton, New Jersey, USA",3,8,7450.232672826087,1231.032158603735
"Princeton, New Jersey, USA",3,9,7710.947720108696,1288.2453459169462
"Princeton, New Jersey, USA",3,10,7908.705858695653,1350.3015944962513
"Princeton, New Jersey, USA",3,11,7958.843464673913,1319.3831603958242
"Princeton, New Jersey, USA",3,12,7978.329254891304,1306.8596873195966
"Princeton, New Jersey, USA",3,13,8009.95889673913,1287.3423032599658
"Princeton, New Jersey, USA",3,14,8036.386963043478,1314.0967861950692
"Princeton, New Jersey, USA",3,15,7931.264504891304,1290.9185473182415
"Princeton, New Jersey, USA",3,16,7795.3320907608695,1243.2829248834669
"Princeton, New Jersey, USA",3,17,7522.799974456522,1181.6848764286526
"Princeton, New Jersey, USA",3,18,7265.10545,1144.2469488119427
"Princeton, New Jersey, USA",3,19,7115.541500543478,1114.9273446017964
"Princeton, New Jersey, USA",3,20,7032.056041304348,1066.5295394805732
"Princeton, New Jersey, USA",3,21,6905.799179891304,1030.8459880836047
"Princeton, New Jersey, USA",3,22,6751.849804891305,1024.402579052583
"Princeton, New Jersey, USA",3,23,6558.572756521739,1022.9321399523844
"Princeton, New Jersey, USA",4,0,6548.941158241759,992.3205102772982
"Princeton, New Jersey, USA",4,1,6409.443757142858,953.6276782427881
"Princeton, New Jersey, USA",4,2,6316.6118719780225,968.7236988404841
"Princeton, New Jersey, USA",4,3,6245.671210439561,975.2264947508679
"Princeton, New Jersey, USA",4,4,6253.617826923077,958.4001591753137
"Princeton, New Jersey, USA",4,5,6401.149904945056,975.329633922756
"Princeton, New Jersey, USA",4,6,6786.783336813187,1051.9133425961688
"Princeton, New Jersey, USA",4,7,7147.048764835165,1104.3915912889838
"Princeton, New Jersey, USA",4,8,7499.50758076923,1188.2543459562862
"Princeton, New Jersey, USA",4,9,7817.923843956045,1277.6737084434378
"Princeton, New Jersey, USA",4,10,8007.024167032967,1313.045356412084
"Princeton, New Jersey, USA",4,11,8100.31464010989,1334.4986286354308
"Princeton, New Jersey, USA",4,12,8145.195220879121,1312.8336331433668
"Princeton, New Jersey, USA",4,13,8239.067794505494,1343.1280146804693
"Princeton, New Jersey, USA",4,14,8267.205236813186,1341.7099642923522
"Princeton, New Jersey, USA",4,15,8209.03188901099,1334.797078294406
"Princeton, New Jersey, USA",4,16,8115.568295604396,1276.631067475838
"Princeton, New Jersey, USA",4,17,7868.015231318681,1204.6588525296886
"Princeton, New Jersey, USA",4,18,7669.8762543956045,1149.6815626875743
"Princeton, New Jersey, USA",4,19,7564.5822247252745,1127.9951244887648
"Princeton, New Jersey, USA",4,20,7433.352570879121,1086.4277566133549
"Princeton, New Jersey, USA",4,21,7288.982653296704,1056.3941303105157
"Princeton, New Jersey, USA",4,22,7104.469593406593,1048.7645859159843
"Princeton, New Jersey, USA",4,23,6847.230378571428,1037.1459112653292
"Washington DC, USA",1,0,28040.927586206897,4175.777145584115
"Washington DC, USA",1,1,27932.83149425287,4117.808095156377
"Washington DC, USA",1,2,28026.02362068966,4146.19542592004
"Washington DC, USA",1,3,28179.023218390805,4246.132379958746
"Washington DC, USA",1,4,28584.88988505747,4424.498205677163
"Washington DC, USA",1,5,29389.792758620693,4572.956528701101
"Washington DC, USA",1,6,31129.91942528736,4800.953673935863
"Washington DC, USA",1,7,33750.95298850575,5828.870504430011
"Washington DC, USA",1,8,35159.60183908046,6560.14992047637
"Washington DC, USA",1,9,35991.7208045977,7159.867805699
"Washington DC, USA",1,10,36206.93683908046,7304.0891465065
"Washington DC, USA",1,11,36067.051781609196,7281.964380244446
"Washington DC, USA",1,12,35716.04971264368,7184.77501393021
"Washington DC, USA",1,13,35350.606264367816,7022.708522742696
"Washington DC, USA",1,14,34913.72781609195,6835.098546482992
"Washington DC, USA",1,15,34657.75126436781,6704.273126219826
"Washington DC, USA",1,16,34287.28229885057,6461.76883399633
"Washington DC, USA",1,17,34134.043735632185,6158.52754582768
"Washington DC, USA",1,18,34271.43729885057,6060.460011895088
"Washington DC, USA",1,19,32454.04442528736,5482.395353448735
"Washington DC, USA",1,20,31493.37367816092,4919.30835868687
"Washington DC, USA",1,21,30693.768505747124,4572.633740397405
"Washington DC, USA",1,22,29582.61804597701,4340.95410318998
"Washington DC, USA",1,23,28561.991896551724,4226.601851940661
"Washington DC, USA",2,0,26280.92070652174,2220.714653455297
"Washington DC, USA",2,1,26167.065054347826,2195.3354775175003
"Washington DC, USA",2,2,26004.722240437157,2887.1504364678703
"Washington DC, USA",2,3,26343.11581521739,2214.1527843429267
"Washington DC, USA",2,4,27080.742065217393,2352.0666504324618
"Washington DC, USA",2,5,28747.543858695655,2736.6892002703335
"Washington DC, USA",2,6,31044.093423913047,3488.901395220774
"Washington DC, USA",2,7,32918.54288043478,4424.790784376304
"Washington DC, USA",2,8,34485.405760869566,5409.339495463459
"Washington DC, USA",2,9,35449.0385326087,5925.701140697988
"Washington DC, USA",2,10,35883.380597826086,6122.570988899329
"Washington DC, USA",2,11,35920.59652173913,6159.906113598971
"Washington DC, USA",2,12,35873.655326086955,6171.834612253005
"Washington DC, USA",2,13,35783.31086956522,6138.533611303438
"Washington DC, USA",2,14,35680.81516304348,6156.012862593481
"Washington DC, USA",2,15,35184.017554347825,5985.272588790944
"Washington DC, USA",2,16,34424.52532608696,5657.261366264932
"Washington DC, USA",2,17,33414.097282608695,5157.236484537
"Washington DC, USA",2,18,31440.261195652172,4336.1934452481155
"Washington DC, USA",2,19,30604.01815217391,3508.995088271966
"Washington DC, USA",2,20,30038.370652173915,3006.1144481409806
"Washington DC, USA",2,21,28632.826739130436,2635.8440582764088
"Washington DC, USA",2,22,27421.950434782608,2423.585656878713
"Washington DC, USA",2,23,26676.73407608696,2300.1582955995736
"Washington DC, USA",3,0,30855.011739130434,5862.869534938731
"Washington DC, USA",3,1,30599.74766304348,5810.911278082934
"Washington DC, USA",3,2,30452.142608695653,5823.429781058757
"Washington DC, USA",3,3,30684.17125,6006.78466797947
"Washington DC, USA",3,4,31569.158043478263,6329.092527956467
"Washington DC, USA",3,5,33571.79119565217,6831.43055132301
"Washington DC, USA",3,6,35900.36288043478,7666.647069253891
"Washington DC, USA",3,7,37638.64369565218,8242.33191558085
"Washington DC, USA",3,8,39462.062173913044,8965.117081668212
"Washington DC, USA",3,9,41034.63211956521,9481.207081375846
"Washington DC, USA",3,10,42005.31293478261,9716.697610537041
"Washington DC, USA",3,11,42559.43586956522,9878.101663604237
"Washington DC, USA",3,12,42898.04744565218,9935.509425032462
"Washington DC, USA",3,13,43130.74972826087,9967.07284386295
"Washington DC, USA",3,14,43135.30603260869,9982.74880955217
"Washington DC, USA",3,15,42769.07244565217,9780.517837645099
"Washington DC, USA",3,16,41930.89163043478,9480.621563950033
"Washington DC, USA",3,17,40484.54217391304,8869.303258421221
"Washington DC, USA",3,18,37681.80070652174,7841.792930078396
"Washington DC, USA",3,19,35967.54505434783,7051.07909994249
"Washington DC, USA",3,20,35205.20755434783,6628.400272072261
"Washington DC, USA",3,21,33718.408206521744,6194.517416934731
"Washington DC, USA",3,22,32219.575054347824,6002.3697122555905
"Washington DC, USA",3,23,31331.421032608694,5911.550035626563
"Washington DC, USA",4,0,25214.166978021975,5193.825370899483
"Washington DC, USA",4,1,25458.976153846153,4608.967506024957
"Washington DC, USA",4,2,25595.92769230769,4636.1912774974935
"Washington DC, USA",4,3,25816.438351648354,4801.491115457028
"Washington DC, USA",4,4,26342.014615384614,5019.220362694806
"Washington DC, USA",4,5,27654.498736263733,5420.530730748412
"Washington DC, USA",4,6,29754.592142857142,6211.841834251085
"Washington DC, USA",4,7,31382.613296703297,6687.984468368319
"Washington DC, USA",4,8,32716.745,7551.148256569715
"Washington DC, USA",4,9,33715.77478021978,8263.774572560671
"Washington DC, USA",4,10,34202.875384615385,8601.205060681456
"Washington DC, USA",4,11,34379.35774725275,8746.941750535729
"Washington DC, USA",4,12,34469.954835164834,8822.337942539563
"Washington DC, USA",4,13,34447.241758241755,8861.978920940313
"Washington DC, USA",4,14,34238.180824175826,8924.096242768088
"Washington DC, USA",4,15,33887.38302197802,8715.450004363536
"Washington DC, USA",4,16,33306.41576923077,8292.72905125872
"Washington DC, USA",4,17,32642.12978021978,7514.276283424682
"Washington DC, USA",4,18,31206.619560439558,6351.482324498112
"Washington DC, USA",4,19,29999.297637362637,5950.170572640826
"Washington DC, USA",4,20,29007.64082417582,5567.546453317518
"Washington DC, USA",4,21,27687.31307692308,5023.126635426362
"Washington DC, USA",4,22,26404.56576923077,4714.8275767592295
"Washington DC, USA",4,23,25632.181483516484,4584.902154365387
